level,word,pinyin,english
4,啊,ā,interjection of surprise; Ah!; Oh!
4,爱情,àiqíng,romance; love (romantic)
4,爱心,àixīn,"compassion; kindness; care for others; love; charity (bazaar, golf day etc); heart (the symbol ♥)"
4,安检,ānjiǎn,security check
4,安排,ānpái,to arrange; to plan; to set up; arrangements; plans
4,按照,ànzhào,according to; in accordance with; in the light of; on the basis of
4,白酒,báijiǔ,"baijiu, a spirit usually distilled from sorghum; (Tw) white wine (abbr. for 酒)"
4,办公,bàngōng,to handle official business; to work (esp. in an office)
4,办理,bànlǐ,to handle; to transact; to conduct
4,办事,bànshì,to handle (affairs); to work
4,棒,bàng,stick; club; cudgel; smart; capable; strong; wonderful; classifier for legs of a relay race
4,保护,bǎohù,to protect; to defend; to safeguard; protection
4,保证,bǎozhèng,guarantee; to guarantee; to ensure; to safeguard; to pledge
4,抱,bào,to hold; to carry (in one's arms); to hug; to embrace; to surround; to cherish; (coll.) (of clothes) to fit nicely
4,报考,bàokǎo,to enter oneself for an examination
4,抱歉,bàoqiàn,to be sorry; to feel apologetic; sorry!
4,背,bēi,variant of 背; to be burdened; to carry on the back or shoulder
4,背包,bēibāo,backpack
4,北部,běibù,northern part
4,倍,bèi,"(two, three etc) -fold; times (multiplier); double; to increase or multiply"
4,本科,běnkē,undergraduate course; undergraduate (attributive)
4,本来,běnlái,original; originally; at first; it goes without saying; of course
4,鼻子,bízi,nose
4,笔试,bǐshì,written examination; paper test (for an applicant)
4,毕业,bìyè,graduation; to graduate; to finish school
4,毕业生,bìyèshēng,graduate
4,便于,biànyú,easy to; convenient for
4,标准,biāozhǔn,standard; norm; criterion; (adjective) standard; good; correct; conforming to a standard
4,表,biǎo,exterior surface; family relationship via females; to show (one's opinion); a model; a table (listing information); a form; a meter (measuring sth); watch (timepiece); meter; gauge
4,表格,biǎogé,form; table
4,表示,biǎoshì,to express; to show; to say; to state; to indicate; to mean
4,表现,biǎoxiàn,to show; to show off; to display; to manifest; expression; manifestation; show; display; performance (at work etc); behavior
4,表扬,biǎoyáng,to praise; to commend
4,饼干,bǐnggān,cookie; cracker
4,并,bìng,and; furthermore; also; together with; (not) at all; simultaneously; to combine; to join; to merge; to amalgamate; variant of 并
4,播放,bōfàng,to broadcast; to transmit (by radio or TV)
4,博士,bóshì,doctor; court academician (in feudal China); Ph.D.
4,不必,búbì,need not; does not have to; not necessarily
4,不便,búbiàn,inconvenient;
4,不断,búduàn,unceasing; uninterrupted; continuous; constant
4,不论,búlùn,"whatever; no matter what (who, how etc); regardless of; not to discuss"
4,步,bù,surname Bu; a step; a pace; walk; march; stages in a process; situation
4,部,bù,"ministry; department; section; part; division; troops; board; classifier for works of literature, films, machines etc"
4,不得不,bùdébù,have no choice or option but to; cannot but; have to; can't help it; can't avoid
4,部分,bùfen,part; share; section; piece
4,不管,bùguǎn,not to be concerned; regardless of; no matter
4,不光,bùguāng,not the only one; not only
4,不仅,bùjǐn,"not just; not limited to; (as a correlative conjunction) not only (..., but also ...)"
4,不满,bùmǎn,resentful; discontented; dissatisfied
4,部门,bùmén,department; branch; section; division
4,擦,cā,"to rub; to scratch; to towel; to wipe with a towel; to apply (lipstick, lotion etc); to touch; to brush (past); to shred (vegetables etc)"
4,猜,cāi,to guess
4,材料,cáiliào,material
4,参观,cānguān,to look around; to tour; to visit
4,参赛,cānsài,to compete; to take part in a competition
4,餐厅,cāntīng,dining hall; dining room; restaurant
4,操场,cāochǎng,playground; sports field; drill ground
4,查看,chákàn,to look over; to examine; to check up; to ferret out
4,茶叶,cháyè,tea; tea leaves
4,查找,cházhǎo,to search for; to look up
4,差点儿,chàdiǎnr,erhua variant of 差点; almost; nearly
4,产生,chǎnshēng,to arise; to come into being; to come about; to give rise to; to bring into being; to bring about; to produce; to engender; to generate
4,厂,chǎng,factory; yard; depot; workhouse; works; (industrial) plant
4,场,chǎng,large place used for a specific purpose; stage; scene (of a play); classifier for sporting or recreational activities; classifier for number of exams; variant of 场
4,超过,chāoguò,to surpass; to exceed; to outstrip
4,车速,chēsù,vehicle speed
4,车位,chēwèi,parking spot; unloading point; garage place; stand for taxi
4,城,chéng,city walls; city; town
4,乘,chéng,ride (in a vehicle)
4,成功,chénggōng,"Chenggong or Chengkung town in Taitung County 台东县, southeast Taiwan; success; to succeed"
4,诚实,chéngshí,honest
4,成为,chéngwéi,to become; to turn into
4,乘坐,chéngzuò,to ride (in a vehicle)
4,吃惊,chījīng,to be surprised; to be startled; to be shocked
4,迟,chí,surname Chi; late; delayed; slow
4,出差,chūchāi,to go on an official or business trip
4,出口,chūkǒu,an exit; to speak; to export; (of a ship) to leave port
4,出现,chūxiàn,to appear; to arise; to emerge; to show up
4,出行,chūxíng,to go out somewhere (relatively short trip); to set off on a journey (longer trip)
4,出租,chūzū,to rent
4,厨房,chúfáng,kitchen
4,厨师,chúshī,cook; chef
4,窗,chuāng,window
4,窗户,chuānghu,window
4,吹,chuī,to blow; to play a wind instrument; to blast; to puff; to boast; to brag; to end in failure; to fall through
4,此,cǐ,this; these
4,此外,cǐwài,in addition; besides; moreover
4,从此,cóngcǐ,from now on; since then; henceforth
4,从来,cónglái,always; at all times; never (if used in negative sentence)
4,从中,cóngzhōng,from within; therefrom
4,粗,cū,coarse; rough; thick (for cylindrical objects); unfinished; vulgar; rude; crude; variant of 粗; remote; distant
4,村,cūn,village; variant of 村
4,存,cún,to exist; to deposit; to store; to keep; to survive
4,错过,cuòguò,"to miss (train, opportunity etc)"
4,错误,cuòwù,mistaken; false; wrong; error; mistake
4,答应,dāying,to answer; to respond; to answer positively; to agree; to accept; to promise
4,答,dá,to answer; to reply; to respond
4,答案,dá’àn,answer; solution
4,达到,dádào,to reach; to achieve; to attain
4,打败,dǎbài,to defeat; to overpower; to beat; to be defeated
4,打工,dǎgōng,"to work a temporary or casual job; (of students) to have a job outside of class time, or during vacation"
4,打扰,dǎrǎo,to disturb; to trouble
4,打印,dǎyìn,to affix a seal; to stamp; to print out (with a printer)
4,打折,dǎzhé,to give a discount
4,打针,dǎzhēn,to give or have an injection
4,大巴,dàbā,(coll.) large bus; coach; (abbr. for 大型巴士)
4,大大,dàdà,big and ...;
4,大夫,dàifu,doctor; physician
4,大厅,dàtīng,hall; lounge
4,大约,dàyuē,approximately; probably
4,大自然,dàzìrán,nature (the natural world)
4,待,dāi,to stay
4,戴,dài,"surname Dai; to put on or wear (glasses, hat, gloves etc); to respect; to bear; to support"
4,袋子,dàizi,bag
4,单位,dānwèi,"unit (of measure); unit (group of people as a whole); work unit (place of employment, esp. in the PRC prior to economic reform)"
4,当,dāng,(onom.) dong; ding dong (bell); to be; to act as; manage; withstand; when; during; ought; should; match equally; equal; same; obstruct; just at (a time or place); on the spot; right; just at
4,当时,dāngshí,then; at that time; while
4,刀,dāo,surname Dao; knife; blade; single-edged sword; cutlass; (slang) dollar (loanword); classifier for sets of one hundred sheets (of paper); classifier for knife cuts or stabs
4,倒,dào,to invert; to place upside down or frontside back; to pour out; to tip out; to dump; inverted; upside down; reversed; to go backward; contrary to what one might expect; but; yet
4,道,dào,"road; path; principle; truth; morality; reason; skill; method; Dao (of Daoism); to say; to speak; to talk; classifier for long thin things (rivers, cracks etc), barriers (walls, doors etc), questions (in an exam etc), commands, courses in a meal, steps in a process; (old) circuit (administrative division)"
4,到底,dàodǐ,what on earth; finally; in the end
4,到来,dàolái,to arrive; arrival; advent
4,道路,dàolù,road; path; way
4,道歉,dàoqiàn,to apologize
4,得意,déyì,proud of oneself; pleased with oneself; complacent
4,等,děng,class; rank; grade; equal to; same as; to wait for; to await; et cetera; and so on; et al. (and other authors); after; as soon as; once
4,等到,děngdào,to wait until; by the time when (sth is ready etc)
4,低,dī,low; beneath; to lower (one's head); to let droop; to hang down; to incline
4,低价,dījià,low price
4,低温,dīwēn,low temperature
4,低于,dīyú,to be lower than
4,底,dǐ,"background; bottom; base; end (of the month, year etc); remnants; (math.) radix"
4,底下,dǐxia,the location below sth; afterwards
4,地球,dìqiú,the earth
4,地址,dìzhǐ,address
4,点名,diǎnmíng,roll call; to mention sb by name; (to call or praise or criticize sb) by name
4,点头,diǎntóu,to nod
4,电动车,diàndòngchē,Electric vehicle
4,掉,diào,"to fall; to drop; to lag behind; to lose; to go missing; to reduce; fall (in prices); to lose (value, weight etc); to wag; to swing; to turn; to change; to exchange; to swap; to show off; to shed (hair); (used after certain verbs to express completion, fulfillment, removal etc)"
4,调查,diàochá,investigation; inquiry; to investigate; to survey; survey; (opinion) poll
4,订,dìng,to agree; to conclude; to draw up; to subscribe to (a newspaper etc); to order
4,定,dìng,to decide; to fix; to determine; to set; to order (e.g. meal, future); determined; set; fixed; decided; (of food) to be fully cooked; (of medicine) certain; sure; regular; (of clothes) ready-made
4,东部,dōngbù,the east; eastern part
4,读者,dúzhě,reader
4,堵车,dǔchē,traffic jam; (of traffic) to get congested
4,度假,dùjià,to go on holidays; to spend one's vacation
4,肚子,dùzi,belly; abdomen; stomach
4,短信,duǎnxìn,text message; SMS
4,队,duì,squadron; team; group
4,对方,duìfāng,the other person; the other side; the other party
4,对面,duìmiàn,(sitting) opposite; across (the street); directly in front; to be face to face
4,对于,duìyú,regarding; as far as (sth) is concerned; with regard to
4,队员,duìyuán,team member
4,顿,dùn,"to stop; to pause; to arrange; to lay out; to kowtow; to stamp (one's foot); at once; classifier for meals, beatings, scoldings etc: time, bout, spell, meal"
4,多么,duōme,how (wonderful etc); what (a great idea etc); however (difficult it may be etc); (in interrogative sentences) how (much etc); to what extent
4,多数,duōshù,majority; most
4,多样,duōyàng,diverse; diversity; manifold
4,而,ér,and; as well as; and so; but (not); yet (not); (indicates causal relation); (indicates change of state); (indicates contrast)
4,儿童,értóng,child
4,发出,fāchū,"to issue (an order, decree etc); to send out; to dispatch; to produce (a sound); to let out (a laugh)"
4,法,fǎ,variant of 法; France; French; abbr. for 法国; Taiwan pr. [Fà]; law; method; way; to emulate; (Buddhism) dharma; (abbr. for 家) the Legalists; (physics) farad (abbr. for 拉); old variant of 法
4,法律,fǎlǜ,law
4,翻译,fānyì,to translate; to interpret; translator; interpreter; translation; interpretation
4,烦,fán,to feel vexed; to bother; to trouble; superfluous and confusing; edgy
4,烦恼,fánnǎo,to be worried; to be distressed; worries
4,反对,fǎnduì,to oppose; to be against; to object to
4,方面,fāngmiàn,respect; aspect; field; side
4,方式,fāngshì,way; manner; style; mode; pattern
4,房东,fángdōng,landlord
4,房租,fángzū,rent for a room or house
4,放弃,fàngqì,to renounce; to abandon; to give up
4,放松,fàngsōng,to relax; to loosen; to ease; (in sports) to loosen up
4,费,fèi,surname Fei; to cost; to spend; fee; wasteful; expenses
4,分数,fēnshù,(exam) grade; mark; score; fraction
4,分为,fēnwéi,to divide sth into (parts); to subdivide
4,份,fèn,"classifier for gifts, newspaper, magazine, papers, reports, contracts etc; variant of 分"
4,丰富,fēngfù,rich; abundant; plentiful; rich in; ample
4,风景,fēngjǐng,scenery; landscape
4,符合,fúhé,in keeping with; in accordance with; tallying with; in line with; to agree with; to accord with; to conform to; to correspond with; to manage; to handle
4,付,fù,surname Fu; to pay; to hand over to; classifier for pairs or sets of things
4,父母,fùmǔ,father and mother; parents
4,父女,fùnǚ,father and daughter
4,父亲,fùqīn,father; also pr. [fù qin]
4,复印,fùyìn,to photocopy; to duplicate a document
4,复杂,fùzá,complicated; complex
4,负责,fùzé,to be in charge of; to take responsibility for; to be to blame; conscientious
4,负责人,fùzérén,person in charge
4,父子,fùzǐ,father and son
4,改变,gǎibiàn,to change; to alter; to transform
4,干,gān,old variant of 干; surname Gan; dry; dried food; empty; hollow; taken in to nominal kinship; adoptive; foster; futile; in vain; (dialect) rude; blunt; (dialect) to cold-shoulder; variant of 干; (bound form) to have to do with; to concern oneself with; one of the ten heavenly stems 干; (archaic) shield
4,干杯,gānbēi,cheers!; bottoms up!
4,赶,gǎn,to overtake; to catch up with; to hurry; to rush; to try to catch (the bus etc); to drive (cattle etc) forward; to drive (sb) away; to avail oneself of (an opportunity); until; by (a certain time)
4,敢,gǎn,to dare; daring; (polite) may I venture
4,感,gǎn,to feel; to move; to touch; to affect; feeling; emotion; (suffix) sense of ~
4,感动,gǎndòng,to move (sb); to touch (sb emotionally); moving
4,感觉,gǎnjué,feeling; impression; sensation; to feel; to perceive
4,赶快,gǎnkuài,quickly; at once
4,感情,gǎnqíng,emotion; sentiment; affection; feelings between two persons
4,感人,gǎnrén,touching; moving
4,赶上,gǎnshàng,to keep up with; to catch up with; to overtake; to chance upon; in time for
4,感受,gǎnshòu,to sense; perception; to feel (through the senses); to experience; a feeling; an impression; an experience
4,感谢,gǎnxiè,(express) thanks; gratitude; grateful; thankful; thanks
4,干活儿,gànhuór,erhua variant of 干活; (coll.) to work; (coll.) to be employed
4,钢琴,gāngqín,piano
4,高价,gāojià,high price
4,高考,gāokǎo,college entrance exam (especially as abbr. for 普通高等学校招生全国统一考试); (Tw) entrance exam for senior government service posts (abbr. for 公务人员高等考试)
4,高速,gāosù,high speed; expressway; highway
4,高温,gāowēn,high temperature
4,胳膊,gēbo,arm
4,歌声,gēshēng,singing voice; fig. original voice of a poet
4,歌手,gēshǒu,singer
4,各,gè,each;every;various
4,各地,gèdì,in all parts of (a country); various regions
4,各种,gèzhǒng,every kind of; all kinds of; various
4,更加,gèngjiā,more (than sth else); even more
4,工厂,gōngchǎng,factory
4,功夫,gōngfu,skill; art; kung fu; labor; effort
4,公共,gōnggòng,public; common; communal
4,功课,gōngkè,homework; assignment; task; classwork; lesson; study
4,公里,gōnglǐ,kilometer
4,公路,gōnglù,highway; road
4,工人,gōngrén,worker
4,工资,gōngzī,wages; pay
4,共同,gòngtóng,common; joint; jointly; together; collaborative
4,够,gòu,enough (sufficient); enough (too much); (coll.) (before adj.) really; (coll.) to reach by stretching out
4,购买,gòumǎi,to buy; to purchase
4,购物,gòuwù,shopping
4,估计,gūjì,to estimate; to reckon; (coll.) to suppose
4,姑娘,gūniang,girl; young woman; young lady; daughter; paternal aunt (old)
4,鼓励,gǔlì,to encourage
4,故意,gùyì,deliberately; on purpose
4,挂,guà,to hang or suspend (from a hook etc); to hang up (the phone); (of a line) to be dead; to be worried or concerned; to make a phone call (dialect); to register or record; classifier for sets or clusters of objects; (slang) to kill; to die; to be finished; to fail (an exam)
4,关键,guānjiàn,crucial point; crux; key; crucial; pivotal
4,观看,guānkàn,to watch; to view
4,观众,guānzhòng,spectators; audience; visitors (to an exhibition etc)
4,管,guǎn,variant of 管; surname Guan; to take care (of); to control; to manage; to be in charge of; to look after; to run; to care about; tube; pipe; woodwind; classifier for tube-shaped objects; particle similar to 把 in 管...叫 constructions; writing brush; (coll.) to; towards
4,管理,guǎnlǐ,to supervise; to manage; to administer; management; administration
4,光,guāng,light; ray; bright; shiny; only; merely; used up; finished; to leave (a part of the body) uncovered
4,广播,guǎngbō,broadcast; broadcasting; to broadcast; (formal) to propagate; to publicize
4,广告,guǎnggào,to advertise; a commercial; advertisement
4,逛,guàng,to stroll; to visit
4,规定,guīdìng,to stipulate; to prescribe; to lay down; to fix; to set; (formal) rule; regulation; provision
4,国籍,guójí,nationality
4,果汁,guǒzhī,fruit juice
4,过程,guòchéng,course of events; process
4,海洋,hǎiyáng,ocean
4,害羞,hàixiū,bashful; shy
4,寒假,hánjià,winter vacation
4,汗,hàn,"perspiration; sweat; to be speechless (out of helplessness, embarrassment etc) (Internet slang used as an interjection)"
4,航班,hángbān,(scheduled) flight; (scheduled) sailing
4,好处,hǎochù,easy to get along with; benefit; advantage; merit; gain; profit; also pr. [hǎo chù]
4,好好,hǎohǎo,well; carefully; nicely; properly
4,好笑,hǎoxiào,laughable; funny; ridiculous
4,合格,hégé,to meet the standard required; qualified; eligible (voter etc)
4,盒子,hézi,box; case
4,红包,hóngbāo,money wrapped in red as a gift; bonus payment; kickback; bribe
4,厚,hòu,thick; deep or profound; kind; generous; rich or strong in flavor; to favor; to stress
4,后悔,hòuhuǐ,to regret; to feel remorse
4,互联网,hùliánwǎng,Internet
4,护士,hùshi,nurse
4,互相,hùxiāng,mutual; each other
4,话剧,huàjù,stage play; modern drama
4,怀疑,huáiyí,to doubt (sth); to be skeptical of; to have one's doubts; to harbor suspicions; to suspect that
4,坏处,huàichù,harm; troubles
4,环保,huánbǎo,environmental protection; environmentally friendly; abbr. for 环境保护
4,回复,huífù,to reply; to recover; to return (to a previous condition); Re: in reply to (email)
4,回信,huíxìn,to reply; to write back; letter written in reply
4,回忆,huíyì,to recall; memories
4,会员,huìyuán,member
4,活,huó,to live; alive; living; work; workmanship
4,活动,huódòng,to exercise; to move about; to operate; to use connections (personal influence); loose; shaky; active; movable; activity; campaign; maneuver; behavior
4,活泼,huópō,lively; vivacious; brisk; active; (chemistry) reactive
4,火,huǒ,surname Huo; fire; urgent; ammunition; fiery or flaming; internal heat (Chinese medicine); hot (popular); classifier for military units (old); Kangxi radical 86
4,货,huò,goods; money; commodity
4,获得,huòdé,to obtain; to receive; to get
4,获奖,huòjiǎng,to win an award
4,获取,huòqǔ,to obtain; to acquire; to snatch
4,基本,jīběn,basic; fundamental; main; elementary
4,基础,jīchǔ,base; foundation; basis; basic; fundamental
4,激动,jīdòng,to move emotionally; to stir up (emotions); to excite
4,积极,jījí,active; energetic; vigorous; positive (outlook); proactive
4,积累,jīlěi,to accumulate; accumulation
4,及时,jíshí,timely; at the right time; promptly; without delay
4,寄,jì,to send; to mail; to entrust; to depend on; to attach oneself to; to live (in a house); to lodge; foster (son etc)
4,计划,jìhuà,plan; project; program; to plan; to map out
4,既然,jìrán,since; as; this being the case
4,技术,jìshù,technology; technique; skill
4,继续,jìxù,to continue; to proceed with; to go on with
4,记者,jìzhě,reporter; journalist
4,加班,jiābān,to work overtime
4,家具,jiājù,furniture
4,加快,jiākuài,to accelerate; to speed up
4,加强,jiāqiáng,to reinforce; to strengthen; to enhance
4,加上,jiāshàng,plus; to put in; to add; to add on; to add into; in addition; on top of that
4,家庭,jiātíng,family; household
4,家乡,jiāxiāng,hometown
4,加油,jiāyóu,to add oil; to top up with gas; to refuel; to accelerate; to step on the gas; (fig.) to make an extra effort; to cheer sb on
4,加油站,jiāyóuzhàn,gas station
4,家长,jiāzhǎng,head of a household; family head; patriarch; parent or guardian of a child
4,假,jiǎ,fake; false; artificial; to borrow; if; suppose; variant of 假
4,价钱,jiàqián,price
4,假日,jiàrì,holiday; non-working day
4,减,jiǎn,to lower; to decrease; to reduce; to subtract; to diminish
4,减轻,jiǎnqīng,to lighten; to ease; to alleviate
4,减少,jiǎnshǎo,to lessen; to decrease; to reduce; to lower
4,健身,jiànshēn,to exercise; to keep fit; to work out; physical exercise
4,健身房,jiànshēnfáng,gym; gymnasium
4,建议,jiànyì,to propose; to suggest; to recommend; proposal; suggestion; recommendation
4,江,jiāng,surname Jiang; river
4,将,jiāng,"will; shall; to use; to take; to checkmate; just a short while ago; (introduces object of main verb, used in the same way as 把)"
4,将来,jiānglái,in the future; future; the future
4,将要,jiāngyào,will; going to
4,奖,jiǎng,prize; award; encouragement
4,奖学金,jiǎngxuéjīn,scholarship
4,降,jiàng,to drop; to fall; to come down; to descend
4,降低,jiàngdī,to reduce; to lower; to bring down
4,降价,jiàngjià,to reduce price
4,降落,jiàngluò,to descend; to land
4,骄傲,jiāo’ào,pride; arrogance; conceited; proud of sth
4,交警,jiāojǐng,traffic police (abbr. for 察)
4,交流,jiāoliú,to exchange; exchange; communication; interaction; to have social contact (with sb)
4,郊区,jiāoqū,suburban district; outskirts; suburbs
4,交通,jiāotōng,to be connected; traffic; transportation; communications; liaison
4,教练,jiàoliàn,instructor; sports coach; trainer
4,教师,jiàoshī,teacher
4,教授,jiàoshòu,professor; to instruct; to lecture on
4,教学,jiàoxué,teaching; instruction
4,教育,jiàoyù,to educate; to teach; education
4,街道,jiēdào,street; subdistrict; residential district
4,接受,jiēshòu,to accept; to receive
4,接着,jiēzhe,to continue; to then; next
4,结果,jiéguǒ,outcome; result; conclusion; in the end; as a result; to kill; to dispatch
4,节假日,jiéjiàrì,public holiday
4,节约,jiéyuē,to economize; to conserve (resources); economy; frugal
4,结账,jiézhàng,to pay the bill; to settle accounts; also written 结帐
4,今后,jīnhòu,hereafter; henceforth; in the future; from now on
4,仅,jǐn,barely; only; merely
4,尽管,jǐnguǎn,"despite; although; even though; in spite of; unhesitatingly; do not hesitate (to ask, complain etc); (go ahead and do it) without hesitating"
4,仅仅,jǐnjǐn,barely; only; merely; only (this and nothing more)
4,紧张,jǐnzhāng,nervous; keyed up; intense; tense; strained; in short supply; scarce
4,进入,jìnrù,to enter; to join; to go into
4,进行,jìnxíng,to advance; to conduct; underway; in progress; to do; to carry out; to carry on; to execute
4,禁止,jìnzhǐ,to prohibit; to forbid; to ban
4,精彩,jīngcǎi,wonderful; marvelous; brilliant
4,经济,jīngjì,economy; economic
4,京剧,jīngjù,Beijing opera
4,经历,jīnglì,experience; to experience
4,经验,jīngyàn,experience; to experience
4,景点,jǐngdiǎn,tourist attraction; scenic spot
4,景区,jǐngqū,scenic area
4,景色,jǐngsè,scenery; scene; landscape; view
4,竟然,jìngrán,unexpectedly; actually; in spite of; to one's surprise
4,竞争,jìngzhēng,to compete; competition
4,就是,jiùshì,exactly; precisely; only; simply; just; (used correlatively with 也) even; even if
4,举,jǔ,variant of 举; to lift; to hold up; to cite; to enumerate; to act; to raise; to choose; to elect; act; move; deed
4,举办,jǔbàn,to conduct; to hold
4,举例,jǔlì,to give an example
4,举行,jǔxíng,"to hold (a meeting, ceremony etc)"
4,聚,jù,to congregate; to assemble; to mass; to gather together; to amass; to polymerize
4,聚餐,jùcān,get-together; dinner with friends or colleagues
4,聚会,jùhuì,party; gathering; to meet; to get together
4,拒绝,jùjué,to refuse; to decline; to reject
4,距离,jùlí,distance; to be apart from
4,开玩笑,kāi wánxiào,to play a joke; to make fun of; to joke
4,看法,kànfǎ,way of looking at a thing; view; opinion
4,烤,kǎo,to roast; to grill; oven
4,考虑,kǎolǜ,to think over; to consider; consideration
4,考生,kǎoshēng,exam candidate; student whose name has been put forward for an exam
4,棵,kē,"classifier for trees, cabbages, plants etc"
4,科技,kējì,science and technology
4,咳,ké,cough
4,咳嗽,késou,to cough
4,可惜,kěxī,it is a pity; what a pity; unfortunately
4,克,kè,"abbr. for 克罗地亚, Croatia; (Tw) abbr. for 克罗埃西亚, Croatia; to be able to; to subdue; to restrain; to overcome; gram; Tibetan unit of land area, about 6 ares; Ke (c. 2000 BC), seventh of the legendary Flame Emperors, 帝 descended from Shennong 神农 Farmer God; variant of 克; to overthrow"
4,课程,kèchéng,course; academic program
4,客气,kèqi,polite; courteous; formal; modest
4,课堂,kètáng,classroom
4,客厅,kètīng,drawing room (room for arriving guests); living room
4,肯定,kěndìng,to be certain; to be positive; assuredly; definitely; to give recognition; to affirm; affirmative (answer)
4,空,kōng,empty; air; sky; in vain
4,空气,kōngqì,air; atmosphere
4,恐怕,kǒngpà,I'm afraid that
4,空,kòng,to empty; vacant; unoccupied; space; leisure; free time
4,苦,kǔ,bitter; hardship; pain; to suffer; to bring suffering to; painstakingly
4,快餐,kuàicān,fast food; snack; quick meal
4,快递,kuàidì,express delivery
4,快速,kuàisù,fast; rapid; high-speed; quick
4,困,kùn,to trap; to surround; hard-pressed; stranded; destitute; sleepy; tired
4,垃圾,lājī,trash; refuse; garbage; (coll.) of poor quality; Taiwan pr. [lè sè]
4,辣,là,"old variant of 辣; hot (spicy); pungent; (of chili pepper, raw onions etc) to sting; to burn"
4,来不及,láibují,there's not enough time (to do sth); it's too late (to do sth)
4,来得及,láidejí,to have enough time; can do it in time; can still make it
4,懒,lǎn,variant of 懒; lazy
4,浪费,làngfèi,to waste; to squander
4,浪漫,làngmàn,romantic
4,老虎,lǎohǔ,tiger
4,老家,lǎojiā,native place; place of origin; home state or region
4,老年,lǎonián,elderly; old age; autumn of one's years
4,冷静,lěngjìng,calm; cool-headed; dispassionate; (of a place) deserted; quiet
4,理发,lǐfà,to get a haircut; to have one's hair done; to cut (sb's) hair; to give (sb) a haircut
4,理解,lǐjiě,to understand; to comprehend
4,礼貌,lǐmào,courtesy; politeness; manners; courteous; polite
4,理想,lǐxiǎng,an ideal; a dream; ideal; perfect
4,厉害,lìhai,"(used to describe sb or sth that makes a very strong impression, whether favorable or unfavorable) terrible; intense; severe; devastating; amazing; awesome; outstanding; (of a person) stern; strict; harsh; shrewd; tough; (of an animal) fierce; (of a resemblance) striking; (of liquor or chili pepper) strong; (of bacteria) virulent"
4,力气,lìqi,strength
4,例子,lìzi,case; (for) instance; example
4,俩,liǎ,two (colloquial equivalent of 两个); both; some
4,连,lián,"surname Lian; to link; to join; to connect; continuously; in succession; including; (used with 也, 都 etc) even; company (military)"
4,联系,liánxì,variant of 联系; connection; contact; relation; to get in touch with; to integrate; to link; to touch
4,凉,liáng,"the five Liang of the Sixteen Kingdoms, namely: Former Liang 前凉 (314-376), Later Liang 后凉 (386-403), Northern Liang 北凉 (398-439), Southern Liang 南凉 (397-414), Western Liang 西凉 (400-421); cool; cold"
4,量,liáng,to measure
4,两,liǎng,"two; both; some; a few; tael, unit of weight equal to 50 grams (modern) or 1⁄16 of a catty 斤 (old)"
4,亮,liàng,bright; clear; resonant; to shine; to show; to reveal
4,列,liè,to arrange; to line up; file; series; (in data tables) column; (Tw) row
4,零花钱,línghuāqián,pocket money; allowance
4,零钱,língqián,spare change; small amount of cash; (computing) the fractional part of a number (less than one); (computing) the mantissa
4,零食,língshí,between-meal nibbles; snacks
4,另外,lìngwài,additional; in addition; besides; separate; other; moreover; furthermore
4,留,liú,old variant of 留; to leave (a message etc); to retain; to stay; to remain; to keep; to preserve
4,流,liú,"to flow; to disseminate; to circulate or spread; to move or drift; to degenerate; to banish or send into exile; stream of water or sth resembling one; class, rate or grade"
4,流利,liúlì,fluent; smooth speaking    
4,留下,liúxia,to leave behind; to stay behind; to remain; to keep; not to let (sb) go
4,旅馆,lǚguǎn,hotel
4,旅客,lǚkè,traveler; tourist
4,旅行,lǚxíng,to travel; journey; trip
4,律师,lǜshī,lawyer
4,乱,luàn,in confusion or disorder; in a confused state of mind; disorder; upheaval; riot; illicit sexual relations; to throw into disorder; to mix up; indiscriminate; random; arbitrary
4,落,luò,to fall or drop; (of the sun) to set; (of a tide) to go out; to lower; to decline or sink; to lag or fall behind; to fall onto; to rest with; to get or receive; to write down; whereabouts; settlement
4,麻烦,máfan,trouble; inconvenience; inconvenient; troublesome; annoying; to bother sb; to put sb to trouble
4,馒头,mántou,steamed roll; steamed bun; steamed bread
4,满,mǎn,Manchu ethnic group; to fill; full; filled; packed; fully; completely; quite; to reach the limit; to satisfy; satisfied; contented
4,毛巾,máojīn,towel
4,帽子,màozi,hat; cap; (fig.) label; bad name
4,美,měi,(bound form) the Americas (abbr. for 洲); (bound form) USA (abbr. for 美国); beautiful; very satisfactory; good; to beautify; to be pleased with oneself
4,美好,měihǎo,fine; happy; glorious; beautiful
4,美景,měijǐng,beautiful scenery
4,美丽,měilì,beautiful
4,美食,měishí,culinary delicacy; fine food; gourmet food
4,梦,mèng,dream; (bound form) to dream
4,密码,mìmǎ,cipher; secret code; password; PIN
4,免费,miǎnfèi,free (of charge)
4,面对,miànduì,to face; to confront
4,面试,miànshì,to be interviewed (as a candidate); interview
4,秒,miǎo,second (unit of time); arc second (angular measurement unit); (coll.) instantly
4,民族,mínzú,nationality; ethnic group
4,末,mò,tip; end; final stage; latter part; inessential detail; powder; dust; opera role of old man
4,母女,mǔnǚ,mother and daughter; mother-daughter
4,母亲,mǔqīn,mother; also pr. [mǔ qin]
4,母子,mǔzǐ,mother and child; parent and subsidiary (companies); principal and interest
4,目标,mùbiāo,target; goal; objective
4,目的,mùdì,purpose; aim; goal; objective
4,目的地,mùdìdì,destination (location)
4,耐心,nàixīn,to be patient; patience
4,南部,nánbù,southern part
4,难道,nándào,don't tell me ...; could it be that...?
4,男士,nánshì,gentleman; man
4,难受,nánshòu,to feel unwell; to suffer pain; to be difficult to bear
4,内,nèi,inside; inner; internal; within; interior
4,内容,nèiróng,content; substance; details
4,内心,nèixīn,heart; innermost being; (math.) incenter
4,能够,nénggòu,to be capable of; to be able to; can
4,能力,nénglì,capability; ability
4,年底,niándǐ,the end of the year; year-end
4,年龄,niánlíng,(a person's) age
4,农村,nóngcūn,rural area; village
4,女性,nǚxìng,woman; the female sex
4,暖和,nuǎnhuo,warm; nice and warm
4,偶尔,ǒu’ěr,occasionally; once in a while; once in a blue moon; every now and then
4,拍,pāi,to pat; to clap; to slap; to swat; to take (a photo); to shoot (a film); racket (sports); beat (music)
4,排,pái,"a row; a line; to set in order; to arrange; to line up; to eliminate; to drain; to push open; platoon; raft; classifier for lines, rows etc"
4,牌,pái,mahjong tile; playing card; game pieces; signboard; plate; tablet; medal
4,排队,páiduì,to line up
4,牌子,páizi,sign; trademark; brand
4,判断,pànduàn,to judge; to determine; judgment
4,陪,péi,to accompany; to keep sb company; to assist; old variant of 赔
4,批评,pīpíng,to criticize; criticism
4,皮肤,pífū,skin
4,脾气,píqi,character; temperament; disposition; bad temper
4,皮鞋,píxié,leather shoes
4,篇,piān,"sheet; piece of writing; bound set of bamboo slips used for record keeping (old); classifier for written items: chapter, article"
4,片,piàn,"thin piece; flake; a slice; film; TV play; to slice; to carve thin; partial; incomplete; one-sided; classifier for slices, tablets, tract of land, area of water; classifier for CDs, movies, DVDs etc; used with numeral 一: classifier for scenario, scene, feeling, atmosphere, sound etc; Kangxi radical 91"
4,乒乓球,pīngpāngqiú,table tennis; ping-pong; table tennis ball
4,平常,píngcháng,ordinary; common; usually; ordinarily
4,破,pò,to break; to split; broken; torn; damaged; to defeat; to get rid of; to destroy; to capture
4,葡萄,pútao,grape
4,普遍,pǔbiàn,universal; general; widespread; common
4,普通,pǔtōng,common; ordinary; general; average
4,普通话,pǔtōnghuà,Mandarin (common language); Putonghua (common speech of the Chinese language); ordinary speech
4,期,qī,period of time; phase; stage; season; term (school); period (of time); (bound form) generation; (bound form) horoscope; (bound form) horoscope or fortune-telling; period; era; (bound form) era
4,期末,qīmò,end of term
4,其中,qízhōng,among; in; included among these
4,起到,qǐdào,(in an expression of the form 起到…用) to have (a (motivating etc) effect); to play (a (stabilizing etc) role)
4,气,qì,gas; air; smell; weather; to make angry; to annoy; to get angry; vital energy; qi
4,气候,qìhòu,(meteorology) climate; (fig.) climate; prevailing conditions (in human affairs)
4,汽水,qìshuǐ,soda pop; carbonated soft drink
4,气温,qìwēn,air temperature
4,千克,qiānkè,kilogram
4,千万,qiānwàn,ten million; countless; many; one must by all means
4,签证,qiānzhèng,visa; to issue a visa
4,前方,qiánfāng,ahead; the front
4,强,qiáng,"surname Qiang; strong; powerful; better; slightly more than; vigorous; violent; best in their category, e.g. see 百强; variant of 强"
4,敲,qiāo,to hit; to strike; to tap; to rap; to knock; to rip sb off; to overcharge
4,桥,qiáo,bridge
4,巧,qiǎo,opportunely; coincidentally; as it happens; skillful; timely
4,巧克力,qiǎokèlì,chocolate (loanword)
4,亲戚,qīnqi,a relative (i.e. family relation)
4,琴,qín,"guqin 琴 (a type of zither); musical instrument in general; variant of 琴, guqin or zither"
4,青年,qīngnián,youth; youthful years; young person; the young
4,轻松,qīngsōng,light; gentle; relaxed; effortless; uncomplicated; to relax; to take things less seriously
4,情况,qíngkuàng,circumstances; state of affairs; situation
4,庆祝,qìngzhù,to celebrate
4,球队,qiúduì,"sports team (basketball, soccer, football etc)"
4,球迷,qiúmí,fan (ball sports)
4,区,qū,area; region; district; small; distinguish
4,区别,qūbié,difference; to distinguish; to discriminate; to make a distinction
4,取,qǔ,to take; to get; to choose; to fetch
4,取得,qǔdé,to acquire; to get; to obtain
4,取消,qǔxiāo,to cancel; cancellation
4,全,quán,all; entire; whole; complete; to use up; to use completely; to exhaust; (bound form) all
4,全部,quánbù,whole; all
4,全球,quánqiú,entire; total; global; the (whole) world; worldwide
4,全身,quánshēn,the whole body; (typography) em
4,缺,quē,deficiency; lack; scarce; vacant post; to run short of
4,缺点,quēdiǎn,shortcoming; defect; weakness; drawback; deficiency; flaw
4,缺少,quēshǎo,lack; shortage of; shortfall; to be short (of); to lack
4,然而,rán’ér,however; yet; but
4,热闹,rènao,bustling with noise and excitement; lively
4,人生,rénshēng,life (one's time on earth)
4,人数,rénshù,number of people
4,人员,rényuán,staff; crew; personnel
4,任何,rènhé,any; whatever; whichever; whatsoever
4,任务,rènwu,mission; assignment; task; duty; role
4,扔,rēng,to throw; to throw away
4,仍,réng,still; yet; to remain; (literary) frequently; often
4,仍然,réngrán,still; as before; yet
4,日记,rìjì,diary
4,日期,rìqī,date
4,日子,rìzi,day; date; day of the month; (fig.) livelihood; way of life; life circumstances
4,入,rù,to enter; to go into; to join; to become a member of; to confirm or agree with; abbr. for 入声
4,入口,rùkǒu,entrance; to import
4,入学,rùxué,to enter a school or college; to go to school for the first time as a child
4,入住,rùzhù,to move in; to check in; (hotel) guest
4,扫码,sǎomǎ,to scan the code (QR code)
4,森林,sēnlín,forest
4,商量,shāngliang,to consult; to talk over; to discuss
4,商品,shāngpǐn,commodity; goods; merchandise
4,伤心,shāngxīn,to grieve; to be broken-hearted; to feel deeply hurt
4,上门,shàngmén,"to drop in; to visit; to lock a door; (of a shop) to close; to go and live with one's wife's family, in effect becoming a member of her family"
4,稍,shāo,somewhat; a little
4,稍微,shāowēi,a little bit
4,少见,shǎojiàn,rare; seldom seen; (formal) it's a rare pleasure to see you
4,少量,shǎoliàng,a smidgen; a little bit; a few
4,少数,shǎoshù,small number; few; minority
4,少年,shàonián,youth; young person; boy or girl
4,社会,shèhuì,society
4,身,shēn,body; torso; person; life; to have an imposing manner; to appear (in a play); classifier for bodies, robes, etc.
4,深,shēn,old variant of 深; deep (lit. and fig.)
4,身份证,shēnfènzhèng,identity card; ID
4,申请,shēnqǐng,to apply for; application;
4,甚至,shènzhì,even; so much so that
4,生命,shēngmìng,life (as the characteristic of living beings); living being; creature
4,生意,shēngyi,business
4,省,shěng,to save; to economize; to be frugal; to omit; to delete; to leave out; province; provincial capital; a ministry (of the Japanese government)
4,剩,shèng,to remain; to be left; to have as remainder
4,失败,shībài,to be defeated; to lose; to fail (e.g. experiments); failure; defeat
4,师傅,shīfu,master; qualified worker; respectful form of address for older men
4,失去,shīqù,to lose
4,师生,shīshēng,teachers and students
4,失望,shīwàng,disappointed; to lose hope; to despair
4,十分,shífēn,very; completely; utterly; extremely; absolutely; hundred percent; to divide into ten equal parts
4,时间表,shíjiānbiǎo,schedule; timetable
4,实际上,shíjìshàng,in fact; in reality; as a matter of fact; in practice
4,食品,shípǐn,food products
4,食堂,shítáng,dining hall; cafeteria
4,食物,shíwù,food
4,实在,shízài,really; actually; indeed; true; real; honest; dependable; (philosophy) reality
4,十字路口,shízì lùkǒu,crossroads; intersection
4,使馆,shǐguǎn,embassy; legation; consulate
4,使用,shǐyòng,to use; to employ; to apply; to make use of
4,市场,shìchǎng,marketplace; market (also in abstract)
4,是否,shìfǒu,whether (or not); if; is or isn't
4,适合,shìhé,to fit; to suit
4,世纪,shìjì,century
4,视频,shìpín,video
4,市区,shìqū,urban district; downtown; city center
4,试题,shìtí,exam question; test topic
4,适应,shìyìng,to adapt; to fit; to suit
4,收费,shōufèi,to charge a fee
4,收入,shōurù,income; revenue
4,收拾,shōushi,to put in order; to tidy up; to pack; to repair; (coll.) to sort sb out; to fix sb
4,首,shǒu,"head; chief; first (occasion, thing etc); classifier for poems, songs etc"
4,首都,shǒudū,capital (city)
4,首先,shǒuxiān,first (of all); in the first place
4,受不了,shòubuliǎo,unbearable; couldn't stand it
4,售票员,shòupiàoyuán,ticket seller
4,熟悉,shúxi,to be familiar with; to know well
4,暑假,shǔjià,summer vacation
4,数,shù,number; figure; several; a few
4,数量,shùliàng,amount; quantity; quantitative
4,树林,shùlín,"Shulin city in New Taipei City 市, Taiwan; woods; grove; forest"
4,数字,shùzì,numeral; digit; number; figure; amount; digital (electronics etc)
4,帅,shuài,"surname Shuai; (bound form) commander-in-chief; (bound form) to lead; to command; handsome; graceful; dashing; elegant; (coll.) cool!; sweet!; (Chinese chess) general (on the red side, equivalent to a king in Western chess)"
4,顺便,shùnbiàn,conveniently; in passing; without much extra effort
4,顺利,shùnlì,smoothly; without a hitch
4,说法,shuōfǎ,to expound Buddhist teachings
4,说明,shuōmíng,to explain; to illustrate; to indicate; to show; to prove; explanation; directions; caption
4,说明书,shuōmíngshū,instruction manual; leaflet; booklet; manual
4,硕士,shuòshì,master's degree; person who has a master's degree; learned person
4,死,sǐ,to die; impassable; uncrossable; inflexible; rigid; extremely; damned
4,速度,sùdù,speed; rate; velocity; (music) tempo
4,塑料,sùliào,plastics
4,酸奶,suānnǎi,yogurt
4,算,suàn,to regard as; to figure; to calculate; to compute
4,随便,suíbiàn,as one wishes; as one pleases; at random; negligent; casual; wanton
4,随着,suízhe,along with; in the wake of; following
4,孙女,sūnnǚ,son's daughter; granddaughter
4,孙子,sūnzi,grandson; son's son
4,所有,suǒyǒu,all; to have; to possess; to own
4,台,tái,Taiwan (abbr.); surname Tai; (classical) you (in letters); variant of 台; desk; table; counter; platform; stage; terrace; stand; support; station; broadcasting station; classifier for vehicles or machines; typhoon
4,抬,tái,to lift; to raise; (of two or more persons) to carry
4,抬头,táitóu,"to raise one's head; to gain ground; account name, or space for writing the name on checks, bills etc"
4,态度,tàidù,manner; bearing; attitude; approach
4,谈,tán,surname Tan; to speak; to talk; to converse; to chat; to discuss
4,躺,tǎng,to recline; to lie down
4,趟,tàng,"classifier for times, round trips or rows; a time; a trip"
4,讨论,tǎolùn,to discuss; to talk over
4,讨厌,tǎoyàn,to dislike; to loathe; hateful; annoying
4,特点,tèdiǎn,characteristic (feature); trait; feature
4,提到,tídào,to mention; to raise (a subject); to refer to
4,提供,tígōng,to offer; to supply; to provide; to furnish
4,提前,tíqián,to shift to an earlier date; to do sth ahead of time; in advance
4,提醒,tíxǐng,to remind; to call attention to; to warn of
4,体检,tǐjiǎn,abbr. for 体格检查
4,体温,tǐwēn,(body) temperature
4,体重,tǐzhòng,body weight
4,填写,tiánxiě,to fill in a form; to write data in a box (on a questionnaire or web form)
4,条件,tiáojiàn,condition; circumstance; term; factor; requirement; prerequisite; qualification; situation; state; condition
4,听力,tīnglì,hearing; listening ability
4,停,tíng,to stop; to halt; to park (a car)
4,停车,tíngchē,to pull up (stop one's vehicle); to park; (of a machine) to stop working; to stall
4,停车场,tíngchēchǎng,parking lot
4,停止,tíngzhǐ,to stop; to halt; to cease
4,通,tōng,"to go through; to know well; (suffix) expert; to connect; to communicate; open; to clear; classifier for letters, telegrams, phone calls etc"
4,通过,tōngguò,to pass through; to get through; to adopt (a resolution); to pass (legislation); to pass (a test); by means of; through; via
4,通知,tōngzhī,to notify; to inform; notice; notification
4,同时,tóngshí,at the same time; simultaneously
4,同样,tóngyàng,same; equal; equivalent
4,桶,tǒng,bucket; (trash) can; barrel (of oil etc)
4,痛,tòng,ache; pain; sorrow; deeply; thoroughly
4,头痛,tóutòng,headache
4,图,tú,diagram; picture; drawing; chart; map; to plan; to scheme; to attempt; to pursue; to seek
4,图片,túpiàn,picture; photograph
4,土,tǔ,Tu (ethnic group); surname Tu; earth; dust; clay; local; indigenous; crude opium; unsophisticated; one of the eight categories of ancient musical instruments 音
4,推,tuī,to push; to cut; to refuse; to reject; to decline; to shirk (responsibility); to put off; to delay; to push forward; to nominate; to elect; massage
4,推迟,tuīchí,to postpone; to put off; to defer
4,推出,tuīchū,to push out; to release; to launch; to publish; to recommend
4,脱,tuō,take off; to shed; to quit; to leave; escape; get rid of; be apart from; (of time) to pass; to elapse
4,袜子,wàzi,socks; stockings
4,外套,wàitào,coat; jacket
4,完全,wánquán,complete; whole; totally; entirely
4,晚安,wǎn’ān,Good night!; Good evening!
4,晚餐,wǎncān,dinner; supper
4,网购,wǎnggòu,buy goods on the Internet
4,网友,wǎngyǒu,online friend; Internet user
4,网址,wǎngzhǐ,website; web address; URL
4,危险,wēixiǎn,danger; dangerous
4,为,wéi,as (in the capacity of); to take sth as; to act as; to serve as; to behave as; to become; to be; to do; by (in the passive voice); variant of 为
4,味,wèi,taste; flavor; smell; aroma; (fig.) hint; trace; interest; charm; to taste
4,味道,wèidào,flavor; taste; (fig.) feeling (of ...); sense (of ...); hint (of ...); (fig.) interest; delight; (dialect) smell; odor
4,卫生,wèishēng,health; hygiene; sanitation
4,温度,wēndù,temperature
4,闻,wén,surname Wen; to hear; news; well-known; famous; reputation; fame; to smell; to sniff at
4,文件,wénjiàn,document; file
4,文字,wénzì,character; script; writing; written language; writing style; phraseology
4,污染,wūrǎn,to pollute; to contaminate (lit. and fig.)
4,无,wú,surname Wu; have no; be without; not have; not
4,无法,wúfǎ,unable; incapable
4,无聊,wúliáo,bored; boring; senseless
4,无论,wúlùn,no matter what or how; regardless of whether...
4,午餐,wǔcān,lunch; luncheon
4,吸,xī,to breathe; to suck in; to absorb; to inhale
4,西部,xībù,western part
4,西红柿,xīhóngshì,tomato
4,吸引,xīyǐn,to attract; to appeal to; to fascinate
4,细,xì,thin or slender; finely particulate; thin and soft; fine; delicate; trifling; (of a sound) quiet; frugal
4,细心,xìxīn,careful; attentive
4,下降,xiàjiàng,to decline; to drop; to fall; to go down; to decrease
4,鲜,xiān,fresh; bright (in color); delicious; tasty; delicacy; aquatic foods; fish; old variant of 鲜
4,鲜花,xiānhuā,flower; fresh flowers
4,咸,xián,surname Xian; all; everyone; each; widespread; harmonious; salted; salty; stingy; miserly
4,现金,xiànjīn,cash
4,羡慕,xiànmù,to envy; to admire
4,线上,xiànshàng,online; on the web
4,现有,xiànyǒu,currently existing; currently available
4,香,xiāng,fragrant; sweet smelling; aromatic; savory or appetizing; (to eat) with relish; (of sleep) sound; perfume or spice; joss or incense stick
4,相比,xiāngbǐ,to compare
4,相反,xiāngfǎn,opposite
4,相互,xiānghù,each other; mutual
4,响,xiǎng,echo; sound; noise; to make a sound; to sound; to ring; loud; classifier for noises
4,想法,xiǎngfǎ,way of thinking; opinion; notion; to think of a way (to do sth)
4,项,xiàng,"surname Xiang; back of neck; item; thing; term (in a mathematical formula); sum (of money); classifier for principles, items, clauses, tasks, research projects etc"
4,消息,xiāoxi,news; information
4,小吃,xiǎochī,snack; refreshments
4,小伙子,xiǎohuǒzi,young man; young guy; lad; youngster
4,小说,xiǎoshuō,novel; fiction
4,小组,xiǎozǔ,group
4,效果,xiàoguǒ,result; effect; efficacy; (theater) sound or visual effects
4,笑话,xiàohua,joke; jest; to laugh at; to mock
4,心,xīn,heart; mind; intention; center; core
4,辛苦,xīnkǔ,exhausting; hard; tough; arduous; to work hard; to go to a lot of trouble; hardship(s)
4,心情,xīnqíng,mood; state of mind
4,信号,xìnhào,signal
4,信息,xìnxī,information; news; message
4,信心,xìnxīn,confidence; faith (in sb or sth)
4,兴奋,xīngfèn,excited; excitement; (physiology) excitation
4,醒,xǐng,to wake up; to be awake; to become aware; to sober up; to come to
4,性,xìng,"nature; character; property; quality; attribute; sexuality; sex; gender; suffix forming adjective from verb; suffix forming noun from adjective, corresponding to -ness or -ity; essence"
4,性别,xìngbié,gender; sex
4,幸福,xìngfú,happiness; happy; blessed
4,性格,xìnggé,nature; disposition; temperament; character
4,兄弟,xiōngdì,"brothers; younger brother; I, me (humble term used by men in public speech); brotherly; fraternal"
4,熊,xióng,surname Xiong; bear; (coll.) to scold; to rebuke; (coll.) weak; incapable
4,修,xiū,surname Xiu; to decorate; to embellish; to repair; to build; to write; to cultivate; to study; to take (a class); variant of 修
4,修理,xiūlǐ,to repair; to fix; to prune; to trim; (coll.) to sort sb out; to fix sb
4,许多,xǔduō,many; a lot of; much
4,学费,xuéfèi,tuition fee; tuition
4,学院,xuéyuàn,college; academy
4,压,yā,to press; to push down; to keep under (control); pressure
4,牙膏,yágāo,toothpaste
4,亚洲,Yàzhōu,Asia (abbr. for 亚细亚洲)
4,烟,yān,cigarette or pipe tobacco; smoke; mist; vapour; tobacco plant; (of the eyes) to be irritated by smoke
4,盐,yán,salt;
4,严格,yángé,strict; stringent; tight; rigorous
4,严重,yánzhòng,grave; serious; severe; critical
4,演,yǎn,to develop; to evolve; to practice; to perform; to play; to act
4,演唱,yǎnchàng,sung performance; to sing for an audience
4,演出,yǎnchū,to act (in a play); to perform; to put on (a performance); performance; concert; show
4,眼镜,yǎnjìng,spectacles; eyeglasses
4,眼前,yǎnqián,before one's eyes; now; at present
4,演员,yǎnyuán,actor or actress; performer
4,阳光,yángguāng,sunshine; (of personality) upbeat; energetic; transparent (open to public scrutiny)
4,养成,yǎngchéng,to cultivate; to raise; to form (a habit); to acquire
4,样子,yàngzi,appearance; manner; pattern; model
4,要是,yàoshi,(coll.) if
4,钥匙,yàoshi,key
4,也许,yěxǔ,perhaps;maybe;possibly
4,夜,yè,variant of 夜; night
4,夜晚,yèwǎn,night
4,叶子,yèzi,leaf; (slang) marijuana
4,一切,yíqiè,everything; every; all
4,以内,yǐnèi,within; less than
4,意见,yìjiàn,idea; opinion; suggestion; objection; complaint
4,一生,yìshēng,all one's life; throughout one's life
4,艺术,yìshù,art
4,因此,yīncǐ,thus; consequently; as a result
4,引起,yǐnqǐ,to give rise to; to lead to; to cause; to arouse
4,印象,yìnxiàng,impression (sth that stays in one's mind); a memory
4,赢,yíng,to beat; to win; to profit
4,赢得,yíngdé,to win; to gain
4,应聘,yìngpìn,to accept a job offer; to apply for an advertised position
4,勇敢,yǒnggǎn,brave; courageous
4,永远,yǒngyuǎn,always; forever
4,用来,yònglái,to be used for
4,优点,yōudiǎn,merit; benefit; strong point; advantage
4,幽默,yōumò,(loanword) humor; humorous
4,优秀,yōuxiù,outstanding; excellent
4,由,yóu,from; by; due to; because of
4,油,yóu,"oil; fat; grease; petroleum; to apply tung oil, paint or varnish; oily; greasy; glib; cunning"
4,由于,yóuyú,due to; as a result of; thanks to; owing to; since; because
4,友好,yǒuhǎo,"Youhao district of Yichun city 市, Heilongjiang; friendly; amicable; close friend"
4,友情,yǒuqíng,friendly feelings; friendship
4,有趣,yǒuqù,interesting; fascinating; amusing
4,有效,yǒuxiào,effective; in effect; valid
4,友谊,yǒuyì,companionship; fellowship; friendship
4,有着,yǒuzhe,to have; to possess
4,愉快,yúkuài,cheerful; cheerily; delightful; pleasant; pleasantly; pleasing; happy; delighted
4,于是,yúshì,thereupon; as a result; consequently; thus; hence
4,与,yǔ,and; to give; together with
4,预习,yùxí,to prepare a lesson
4,原来,yuánlái,"original; former; originally; formerly; at first; so, actually, as it turns out"
4,原谅,yuánliàng,to forgive; to excuse
4,原因,yuányīn,cause; origin; root cause; reason
4,远离,yuǎnlí,to be far from; to keep away from
4,院长,yuànzhǎng,the head of an institution whose name ends in 院; chair of a board; president of a university; department head; dean; premier of the Republic of China
4,院子,yuànzi,courtyard; garden; yard; patio; (old) servant
4,约会,yuēhuì,appointment; engagement; date; to arrange to meet
4,月饼,yuèbing,mooncake (esp. for the Mid-Autumn Festival)
4,阅读,yuèdú,to read; reading
4,月份,yuèfèn,month
4,云,yún,(classical) to say; surname Yun; abbr. for Yunnan Province 云南省; cloud
4,允许,yǔnxǔ,to permit; to allow
4,杂志,zázhì,magazine
4,再次,zàicì,one more time; again; one more; once again
4,再说,zàishuō,to say again; to put off a discussion until later; moreover; what's more; besides
4,暂时,zànshí,temporary; provisional; for the time being
4,暂停,zàntíng,to suspend; time-out (e.g. in sports); stoppage; pause (media player)
4,早餐,zǎocān,breakfast
4,早晨,zǎochen,early morning; also pr. [zǎo chen]
4,增加,zēngjiā,to raise; to increase
4,增长,zēngzhǎng,to grow; to increase
4,招聘,zhāopìn,to invite applications for a job; to recruit
4,着,zháo,touch; touch on; come close to; in the result of a blow, hit; in the case of, in respect of; meet with; strike as if by chance; brush lightly against; to light up
4,着火,zháohuǒ,to catch fire
4,整,zhěng,exactly; in good order; whole; complete; entire; in order; orderly; to repair; to mend; to renovate; (coll.) to fix sb; to give sb a hard time; to mess with sb
4,整个,zhěnggè,whole; entire; total
4,整理,zhěnglǐ,"to arrange; to tidy up; to sort out; to straighten out; to list systematically; to collate (data, files); to pack (luggage)"
4,证,zhèng,to admonish; variant of 证; certificate; proof; to prove; to demonstrate; to confirm; variant of 症
4,正常,zhèngcháng,regular; normal; ordinary
4,正好,zhènghǎo,just (in time); just right; just enough; to happen to; to chance to; by chance; it just so happens that
4,证件,zhèngjiàn,certificate; papers; credentials; document; ID
4,证明,zhèngmíng,proof; certificate; identification; testimonial; to prove; to testify; to confirm the truth of
4,正确,zhèngquè,correct; sound; right; proper
4,正式,zhèngshì,formal; official
4,支持,zhīchí,to be in favor of; to support; to back; support; backing; to stand by
4,支付,zhīfù,to pay (money)
4,之后,zhīhòu,after; afterwards; later; following
4,之间,zhījiān,"(after a noun) between; among; amid; (used after certain bisyllabic words to form expressions indicating a short period of time, e.g. 弹指之间)"
4,之前,zhīqián,before; prior to; ago; previously; beforehand
4,知识,zhīshi,knowledge; intellectual
4,之中,zhīzhōng,inside; among; in the midst of (doing sth); during
4,值得,zhídé,to be worth; to deserve
4,直接,zhíjiē,direct (opposite: indirect 间接); immediate; straightforward
4,植物,zhíwù,plant; vegetation
4,职业,zhíyè,occupation; profession; vocation; professional
4,指,zhǐ,finger; to point at or to; to indicate or refer to; to depend on; to count on; (of hair) to stand on end
4,指出,zhǐchū,to indicate; to point out
4,只好,zhǐhǎo,to have no other option but to ...; to have to; to be forced to
4,纸巾,zhǐjīn,paper towel; tissue
4,质量,zhìliàng,quality; (physics) mass
4,至少,zhìshǎo,at least; (to say the) least
4,中餐,zhōngcān,lunch; Chinese meal; Chinese food
4,中年,zhōngnián,middle-aged
4,种,zhòng,to plant; to grow; to cultivate
4,重点,zhòngdiǎn,important point; main point; focus; key (project etc); to focus on; to put the emphasis on
4,重视,zhòngshì,to attach importance to sth; to value
4,周围,zhōuwéi,environs; surroundings; periphery
4,主意,zhǔyi,idea;
4,祝,zhù,"surname Zhu; to pray for; to wish (sb bon voyage, happy birthday etc); person who invokes the spirits during sacrificial ceremonies"
4,专门,zhuānmén,specialist; specialized; customized
4,专业,zhuānyè,specialty; specialized field; main field of study (at university); major; professional
4,转,zhuǎn,to turn; to change direction; to transfer; to forward (mail); (Internet) to share (sb else's content)
4,转发,zhuǎnfā,to forward; to share (on SNS)
4,转机,zhuǎnjī,(to take) a turn for the better; to change planes
4,赚,zhuàn,to earn; to make a profit
4,装,zhuāng,adornment; to adorn; dress; clothing; costume (of an actor in a play); to play a role; to pretend; to install; to fix; to wrap (sth in a bag); to load; to pack
4,准,zhǔn,"to allow; to grant; in accordance with; in the light of; accurate; standard; definitely; certainly; about to become (bride, son-in-law etc); quasi-; para-"
4,准确,zhǔnquè,accurate; exact; precise
4,准时,zhǔnshí,on time; punctual; on schedule
4,仔细,zǐxì,careful; attentive; cautious; to be careful; to look out
4,自,zì,self; oneself; from; since; naturally; surely
4,自然,zìrán,natural; of course; that's natural
4,自习,zìxí,to study on one's own
4,自信,zìxìn,to have confidence in oneself; self-confidence
4,自学,zìxué,self-study; to study on one's own
4,总结,zǒngjié,to sum up; to conclude; summary; résumé
4,组,zǔ,"surname Zu; to form; to organize; group; team; classifier for sets, series, groups of people, batteries"
4,最终,zuìzhōng,final; ultimate
4,尊重,zūnzhòng,to esteem; to respect; to honor; to value; eminent; serious; proper
4,左右,zuǒyòu,left and right; nearby; approximately; attendant; to control; to influence
4,座,zuò,"seat; base; stand; (archaic) suffix used in a respectful form of address, e.g. 师座; classifier for buildings, mountains and similar immovable objects"
4,做法,zuòfǎ,way of handling sth; method for making; work method; recipe; practice
4,作家,zuòjiā,author
4,做梦,zuòmèng,to dream; to have a dream; fig. illusion; fantasy; pipe dream
4,作品,zuòpǐn,work (of art); opus
4,作为,zuòwéi,one's conduct; deed; activity; accomplishment; achievement; to act as; as (in the capacity of); qua; to view as; to look upon (sth as); to take sth to be
4,座位,zuòwèi,seat
4,作文,zuòwén,to write an essay; composition (school essay)
4,作用,zuòyòng,"to act on; to affect; action; function; activity; impact; result; effect; purpose; intent; (suffix) -ation, -tion etc, as in 用, inhibition"
